index,shape-type,vertex-index,axis-0,axis-1
0,polygon,0,281.0608391452878,372.0593157621781
0,polygon,1,270.0410120818778,716.8224767460049
0,polygon,2,3051.9993304886966,700.3683368649623
0,polygon,3,3050.348313561841,341.65478044915545
1,rectangle,0,488.92104770593556,646.3986409754509
1,rectangle,1,488.92104770593556,654.9134625120511
1,rectangle,2,497.43586924253566,654.9134625120511
1,rectangle,3,497.43586924253566,646.3986409754509
